

SET SQL_MODE = "NO_AUTO_VALUE_ON_ZERO";
START TRANSACTION;
SET time_zone = "+00:00";




DROP TABLE IF EXISTS `admins`;
CREATE TABLE IF NOT EXISTS `admins` (
  `admin_id` int(10) NOT NULL AUTO_INCREMENT,
  `admin_name` varchar(255) NOT NULL,
  `admin_email` varchar(255) NOT NULL,
  `admin_pass` varchar(255) NOT NULL,
  `admin_image` text NOT NULL,
  `admin_contact` varchar(255) NOT NULL,
  `admin_country` text NOT NULL,
  `admin_job` varchar(255) NOT NULL,
  `admin_about` text NOT NULL,
  PRIMARY KEY (`admin_id`)
) ENGINE=InnoDB AUTO_INCREMENT=3 DEFAULT CHARSET=latin1;

--
-- Dumping data for table `admins`
--

INSERT INTO `admins` (`admin_id`, `admin_name`, `admin_email`, `admin_pass`, `admin_image`, `admin_contact`, `admin_country`, `admin_job`, `admin_about`) VALUES
(2, 'Administrator', 'admin@mail.com', 'Password@123', 'user-profile-min.png', '7777775500', 'brasil', 'Front-End Developer', 'Front-End Developer');

-- --------------------------------------------------------

--
-- Table structure for table `bundle_product_relation`
--

DROP TABLE IF EXISTS `bundle_product_relation`;
CREATE TABLE IF NOT EXISTS `bundle_product_relation` (
  `rel_id` int(10) NOT NULL AUTO_INCREMENT,
  `rel_title` varchar(255) NOT NULL,
  `product_id` int(10) NOT NULL,
  `bundle_id` int(10) NOT NULL,
  PRIMARY KEY (`rel_id`)
) ENGINE=InnoDB DEFAULT CHARSET=latin1;

-- --------------------------------------------------------

--
-- Table structure for table `cart`
--

DROP TABLE IF EXISTS `cart`;
CREATE TABLE IF NOT EXISTS `cart` (
  `p_id` int(10) NOT NULL,
  `ip_add` varchar(255) NOT NULL,
  `qty` int(10) NOT NULL,
  `p_price` varchar(255) NOT NULL,
  `size` text NOT NULL,
  PRIMARY KEY (`p_id`)
) ENGINE=InnoDB DEFAULT CHARSET=latin1;

-- --------------------------------------------------------

--
-- Table structure for table `categories`
--

DROP TABLE IF EXISTS `categories`;
CREATE TABLE IF NOT EXISTS `categories` (
  `cat_id` int(10) NOT NULL AUTO_INCREMENT,
  `cat_title` text NOT NULL,
  `cat_top` text NOT NULL,
  `cat_image` text NOT NULL,
  PRIMARY KEY (`cat_id`)
) ENGINE=InnoDB AUTO_INCREMENT=6 DEFAULT CHARSET=latin1;

--
-- Dumping data for table `categories`
--

INSERT INTO `categories` (`cat_id`, `cat_title`, `cat_top`, `cat_image`) VALUES
(2, 'Feminine', 'no', 'feminelg.png'),
(3, 'Kids', 'no', 'kidslg.jpg'),
(4, 'Others', 'yes', 'othericon.png'),
(5, 'Men', 'yes', 'malelg.png');

-- --------------------------------------------------------

--
-- Table structure for table `customers`
--

DROP TABLE IF EXISTS `customers`;
CREATE TABLE IF NOT EXISTS `customers` (
  `customer_id` int(10) NOT NULL AUTO_INCREMENT,
  `customer_name` varchar(255) NOT NULL,
  `customer_email` varchar(255) NOT NULL,
  `customer_pass` varchar(255) NOT NULL,
  `customer_country` text NOT NULL,
  `customer_city` text NOT NULL,
  `customer_contact` varchar(255) NOT NULL,
  `customer_address` text NOT NULL,
  `customer_image` text NOT NULL,
  `customer_ip` varchar(255) NOT NULL,
  `customer_confirm_code` text NOT NULL,
  PRIMARY KEY (`customer_id`)
) ENGINE=InnoDB AUTO_INCREMENT=9 DEFAULT CHARSET=latin1;

--
-- Dumping data for table `customers`
--

INSERT INTO `customers` (`customer_id`, `customer_name`, `customer_email`, `customer_pass`, `customer_country`, `customer_city`, `customer_contact`, `customer_address`, `customer_image`, `customer_ip`, `customer_confirm_code`) VALUES
(7, 'hamudi', 'hamudi.orra@hotmail.com', 'hamudi753159', 'brasil', 'sao paulo', '70613672', 'rua embocjelkm,', 'tshirticn.png', '::1', '822080037'),
(8, 'Jeef', 'Jeef@gmail.com', 'J123456', 'Usa', 'Tolido', '0121452485', 'main street', 'user-profile-min.png', '::1', '');

-- --------------------------------------------------------

--
-- Table structure for table `customer_orders`
--

DROP TABLE IF EXISTS `customer_orders`;
CREATE TABLE IF NOT EXISTS `customer_orders` (
  `order_id` int(10) NOT NULL AUTO_INCREMENT,
  `customer_id` int(10) NOT NULL,
  `due_amount` int(100) NOT NULL,
  `invoice_no` int(100) NOT NULL,
  `qty` int(10) NOT NULL,
  `size` text NOT NULL,
  `order_date` timestamp NOT NULL DEFAULT CURRENT_TIMESTAMP ON UPDATE CURRENT_TIMESTAMP,
  `order_status` text NOT NULL,
  PRIMARY KEY (`order_id`)
) ENGINE=InnoDB AUTO_INCREMENT=38 DEFAULT CHARSET=latin1;

--
-- Dumping data for table `customer_orders`
--

INSERT INTO `customer_orders` (`order_id`, `customer_id`, `due_amount`, `invoice_no`, `qty`, `size`, `order_date`, `order_status`) VALUES
(28, 5, 180, 361540113, 2, 'Medium', '2022-04-15 03:25:42', 'Complete'),
(29, 3, 100, 858195683, 1, 'Large', '2022-04-16 03:14:01', 'Complete'),
(35, 8, 75, 273453896, 1, 'Small', '2022-05-24 13:42:08', 'Complete'),
(36, 8, 245, 1199201074, 1, 'Small', '2022-05-24 01:40:35', 'pending'),
(37, 7, 90, 2126042636, 1, 'Small', '2022-05-24 13:47:31', 'Complete');

-- --------------------------------------------------------

--
-- Table structure for table `manufacturers`
--

DROP TABLE IF EXISTS `manufacturers`;
CREATE TABLE IF NOT EXISTS `manufacturers` (
  `manufacturer_id` int(10) NOT NULL AUTO_INCREMENT,
  `manufacturer_title` text NOT NULL,
  `manufacturer_top` text NOT NULL,
  `manufacturer_image` text NOT NULL,
  PRIMARY KEY (`manufacturer_id`)
) ENGINE=InnoDB AUTO_INCREMENT=9 DEFAULT CHARSET=latin1;

--
-- Dumping data for table `manufacturers`
--

INSERT INTO `manufacturers` (`manufacturer_id`, `manufacturer_title`, `manufacturer_top`, `manufacturer_image`) VALUES
(2, 'Adidas', 'no', 'adilg.png'),
(3, 'Nike', 'no', 'niketransl.png'),
(4, 'Philip Plein', 'no', 'pplg.png'),
(5, 'Lacoste', 'no', 'lacostelg.png'),
(7, 'Polo', 'no', 'polobn.jpg'),
(8, 'Gildan 1800', 'no', 'sample_img360.png');

-- --------------------------------------------------------

--
-- Table structure for table `payments`
--

DROP TABLE IF EXISTS `payments`;
CREATE TABLE IF NOT EXISTS `payments` (
  `payment_id` int(10) NOT NULL AUTO_INCREMENT,
  `invoice_no` int(10) NOT NULL,
  `amount` int(10) NOT NULL,
  `payment_mode` text NOT NULL,
  `ref_no` int(10) NOT NULL,
  `code` int(10) NOT NULL,
  `payment_date` text NOT NULL,
  PRIMARY KEY (`payment_id`)
) ENGINE=InnoDB AUTO_INCREMENT=26 DEFAULT CHARSET=latin1;

-- --------------------------------------------------------

--
-- Table structure for table `pending_orders`
--

DROP TABLE IF EXISTS `pending_orders`;
CREATE TABLE IF NOT EXISTS `pending_orders` (
  `order_id` int(10) NOT NULL AUTO_INCREMENT,
  `customer_id` int(10) NOT NULL,
  `invoice_no` int(10) NOT NULL,
  `product_id` text NOT NULL,
  `qty` int(10) NOT NULL,
  `size` text NOT NULL,
  `order_status` text NOT NULL,
  PRIMARY KEY (`order_id`)
) ENGINE=InnoDB AUTO_INCREMENT=38 DEFAULT CHARSET=latin1;

--
-- Dumping data for table `pending_orders`
--

INSERT INTO `pending_orders` (`order_id`, `customer_id`, `invoice_no`, `product_id`, `qty`, `size`, `order_status`) VALUES

(35, 8, 273453896, '15', 1, 'Small', 'Complete'),
(36, 8, 1199201074, '8', 1, 'Small', 'pending'),
(37, 7, 2126042636, '13', 1, 'Small', 'Complete');

-- --------------------------------------------------------

--
-- Table structure for table `products`
--

DROP TABLE IF EXISTS `products`;
CREATE TABLE IF NOT EXISTS `products` (
  `product_id` int(10) NOT NULL AUTO_INCREMENT,
  `p_cat_id` int(10) NOT NULL,
  `cat_id` int(10) NOT NULL,
  `manufacturer_id` int(10) NOT NULL,
  `date` timestamp NOT NULL DEFAULT CURRENT_TIMESTAMP ON UPDATE CURRENT_TIMESTAMP,
  `product_title` text NOT NULL,
  `product_url` text NOT NULL,
  `product_img1` text NOT NULL,
  `product_img2` text NOT NULL,
  `product_img3` text NOT NULL,
  `product_price` int(10) NOT NULL,
  `product_psp_price` int(100) NOT NULL,
  `product_desc` text NOT NULL,
  `product_features` text NOT NULL,
  `product_video` text NOT NULL,
  `product_keywords` text NOT NULL,
  `product_label` text NOT NULL,
  `status` varchar(255) NOT NULL,
  PRIMARY KEY (`product_id`)
) ENGINE=InnoDB AUTO_INCREMENT=19 DEFAULT CHARSET=latin1;

--
-- Dumping data for table `products`
--

INSERT INTO `products` (`product_id`, `p_cat_id`, `cat_id`, `manufacturer_id`, `date`, `product_title`, `product_url`, `product_img1`, `product_img2`, `product_img3`, `product_price`, `product_psp_price`, `product_desc`, `product_features`, `product_video`, `product_keywords`, `product_label`, `status`) VALUES
(5, 7, 5, 5, '2022-04-14 09:13:25', 'Denim Borg Lined Western Jacket', 'product-url-5', 'Next-Denim-Borg-Lined-Western-Jacket-0463-0064553-1-pdp_slider_l.jpg', 'Next-Denim-Borg-Lined-Western-Jacket-0463-0064553-2-pdp_slider_l.jpg', 'Next-Denim-Borg-Lined-Western-Jacket-0465-0064553-3-pdp_slider_l.jpg', 259, 100, '\r\n<p>This is a sample product description. This is a sample product description. This is a sample product description. This is a sample product description.  </p>\r\n', '<p>This is a sample product description. This is a sample product description. This is a sample product description. This is a sample product description.  </p>', '\r\n\r\n\r\n<p>This is a sample product description. This is a sample product description. This is a sample product description. This is a sample product description.  </p>', 'Jackets', 'Gift', 'product'),
(8, 4, 2, 4, '2022-04-15 10:13:02', 'Sleeveless Flaux Fur Hybrid Coat', 'product-url-8', 'Black Blouse Versace Coat1.jpg', 'Black Blouse Versace Coat2.jpg', 'Black Blouse Versace Coat3.jpg', 245, 100, '\r\n\r\n\r\n<p>This is a sample product description. This is a sample product description. This is a sample product description. This is a sample product description. This is a sample product description. This is a sample product description.  </p>\r\n\r\n\r\n', '\r\n\r\n\r\nIt is a long established fact that a reader will be distracted by the readable content of a page when looking at its layout. The point of using Lorem Ipsum is that it has a more-or-less normal distribution of letters,\r\n\r\n\r\n', '\r\n<p>This is a sample product description. This is a sample product description. This is a sample product description. This is a sample product description. This is a sample product description. This is a sample product description.  </p>\r\n\r\n', 'Coats', 'New', 'product'),
(9, 5, 4, 7, '2022-04-14 17:06:30', 'Long Sleeves Polo Shirt for Men', 'product-url-9', 'product-1.jpg', 'product-2.jpg', 'product-3.jpg', 50, 35, '\r\n\r\n\r\n\r\n<p>This is a sample product description. This is a sample product description. This is a sample product description. This is a sample product description. This is a sample product description. This is a sample product description. This is a sample product description. This is a sample product description. </p>\r\n\r\n\r\n\r\n', '\r\n\r\n\r\n\r\nIt is a long established fact that a reader will be distracted by the readable content of a page when looking at its layout. The point of using Lorem Ipsum is that it has a more-or-less normal distribution of letters,\r\n\r\n\r\n\r\n', '\r\n\r\n\r\n\r\n<p>This is a sample product description. This is a sample product description. This is a sample product description. This is a sample product description. This is a sample product description. This is a sample product description. This is a sample product description. This is a sample product description. </p>\r\n\r\n\r\n\r\n', 'T-Shirt', 'Sale', 'product'),
(12, 8, 5, 2, '2022-04-25 09:15:09', 'Ultraboost 21 PrimeBlue Shoes', 'ultraboost-21-adidas', 'Ultraboost_21.jpg', 'Ultraboost_21_2.jpg', 'Ultraboost_21_3.jpg', 150, 180, '\r\n\r\nThis product is made with Primeblue, a high-performance recycled material made in part with Parley Ocean Plastic. 50% of the upper is textile, 92% of the textile is Primeblue yarn. No virgin polyester.', '\r\n\r\nComfortable and responsive, Ultraboost became our first shoe to be as popular in streetwear style as it is in performance running.', '\r\n<p>This is a sample product description. This is a sample product description. This is a sample product description. This is a sample product description. This is a sample product description. This is a sample product description. This is a sample product description. This is a sample product description. </p>\r\n', 'sneakers adidas ultraboost shoes', 'New', 'product'),
(13, 9, 2, 3, '2022-04-14 16:26:51', 'Nike Sportswear Essential Collection', 'nike-sportswear-essen-col', 'nike-s.jpg', 'nike-s2.jpg', 'nike-s02.jpg', 90, 85, '\r\n\r\nThis is a sample text. This is a sample text. This is a sample text. This is a sample text. This is a sample text. This is a sample text. This is a sample text. This is a sample text. This is a sample text. This is a sample text. This is a sample text. This is a sample text.\r\n\r\n\r\n\r\n', '\r\n\r\n\r\nThis is a sample text. This is a sample text. This is a sample text.This is a sample text. This is a sample text. This is a sample text.This is a sample text. This is a sample text. This is a sample text.This is a sample text. This is a sample text. This is a sample text.\r\n\r\n', '\r\n\r\n\r\nThis is a sample text. This is a sample text. This is a sample text.\r\n\r\n\r\n', 'nike sportswear', 'Featured', 'product'),
(14, 5, 5, 7, '2022-04-14 17:03:38', 'Demo Product Title Name - Test', 'demo-product-showcase', 'Prod-placeholder.jpg', 'Prod-placeholder.jpg', 'Prod-placeholder.jpg', 120, 111, '\r\nThis is a demo. This is a demo. This is a demo. This is a demo.\r\n\r\n\r\n', '\r\n\r\n\r\nThis is a demo.\r\n', '\r\n\r\n\r\nThis is a demo.\r\n', 'demo test product', 'Test', 'product'),
(15, 5, 5, 8, '2022-04-15 03:46:42', 'Gildan 1800 Ultra Cotton Polo Shirt', 'cotton-polo-shirt', 'g18bulk.jpg', 'g18bulk2.jpg', 'g18bulk3.jpg', 88, 75, '\r\nTHIS IS A DEMO DESCRIPTION\r\n', '\r\n\r\nDEMO FEATURES\r\n\r\n', '\r\n<p>This is a sample product description. This is a sample product description. This is a sample product description. This is a sample product description. This is a sample product description. This is a sample product description. This is a sample product description. This is a sample product description. </p>\r\n\r\n\r\n', 'polo shirt', 'Sale', 'bundle'),
(18, 5, 3, 3, '2022-05-24 15:47:56', 'prod title', 'url', 'coaticn.png', 'coaticn.png', 'coaticn.png', 17, 15, '\r\nThis is a sample product description. This is a sample product description. This is a sample product description. This is a sample product description. This is a sample product description. This is a sample product description. This is a sample product description. This is a sample product description. \r\n', '\r\n\r\nThis is a sample product description. This is a sample product description. This is a sample product description. This is a sample product description. This is a sample product description. This is a sample product description. This is a sample product description. This is a sample product description. ', 'This is a sample product description. This is a sample product description. This is a sample product description. This is a sample product description. This is a sample product description. This is a sample product description. This is a sample product description. This is a sample product description. \r\n\r\n', 'x', 'label', 'product');

-- --------------------------------------------------------

--
-- Table structure for table `product_categories`
--

DROP TABLE IF EXISTS `product_categories`;
CREATE TABLE IF NOT EXISTS `product_categories` (
  `p_cat_id` int(10) NOT NULL AUTO_INCREMENT,
  `p_cat_title` text NOT NULL,
  `p_cat_top` text NOT NULL,
  `p_cat_image` text NOT NULL,
  PRIMARY KEY (`p_cat_id`)
) ENGINE=InnoDB AUTO_INCREMENT=10 DEFAULT CHARSET=latin1;

--
-- Dumping data for table `product_categories`
--

INSERT INTO `product_categories` (`p_cat_id`, `p_cat_title`, `p_cat_top`, `p_cat_image`) VALUES
(4, 'Coats', 'no', 'coaticn.png'),
(5, 'T-Shirts', 'no', 'tshirticn.png'),
(6, 'Sweater', 'no', 'sweatericn.png'),
(7, 'jackets', 'yes', 'jacketicn.png'),
(8, 'Sneakers', 'yes', 'sneakericn.png'),
(9, 'Trousers', 'no', 'trousericn.png');

-- --------------------------------------------------------

--
-- Table structure for table `wishlist`
--

DROP TABLE IF EXISTS `wishlist`;
CREATE TABLE IF NOT EXISTS `wishlist` (
  `wishlist_id` int(10) NOT NULL AUTO_INCREMENT,
  `customer_id` int(10) NOT NULL,
  `product_id` int(10) NOT NULL,
  PRIMARY KEY (`wishlist_id`)
) ENGINE=InnoDB AUTO_INCREMENT=7 DEFAULT CHARSET=latin1;

--
-- Dumping data for table `wishlist`
--

INSERT INTO `wishlist` (`wishlist_id`, `customer_id`, `product_id`) VALUES
(2, 2, 8),
(3, 5, 13),
(4, 3, 13),
(5, 6, 15);
COMMIT;

